Name,Age,Team,League,Division,Position,Number,Batting Side,Throwing Side 
,,,,,,,,
José Abreu,34,CHW,AL,CENTRAL,INF,79,R,R
Ronald Acuna Jr.,23,ATL,NL,EAST,OF,13,R,R
Willy Adames,25,MIL,NL,CENTRAL,INF,27,R,R
Riley Adams,25,WSN,NL,EAST,C,15,R,R
Jo Adell,22,LAA,AL,WEST,OF,7,R,R
Ehire Adrianza,31,ATL,NL,EAST,UTL,23,S,R
Jesus Aguilar,31,MIA,NL,EAST,INF,24,R,R
Nick Ahmed,31,ARI,NL,WEST,SS,13,R,R
Shogo Akiyama,33,CIN,NL,CENTRAL,OF,4,L,R
Hanser Alberto,28,KCR,AL,CENTRAL,INF,49,R,R
Ozzie Albies,24,ATL,NL,EAST,INF,1,S,R
Sergio Alcantara,24,CHC,NL,CENTRAL,INF,51,S,R
Jorge Alfaro,28,MIA,NL,EAST,UTL,38,R,R
Anthony Alford,26,PIT,NL,CENTRAL,OF,6,R,R
Abraham Almonte,32,ATL,NL,EAST,OF,34,S,R
Pete Alonso,26,NYM,NL,EAST,INF,20,R,R
Jose Altuve,31,HOU,AL,WEST,INF,27,R,R
Yordan Álvarez,24,HOU,AL,WEST,OF,44,L,R
Brian Anderson,28,MIA,NL,EAST,INF,15,R,R
Tim Anderson,28,CHW,AL,CENTRAL,INF,7,R,R
Elvis Andrus,32,OAK,AL,WEST,INF,17,R,R
Miguel Andujar,26,NYY,AL,EAST,UTL,41,R,R
Aristides Aquino,27,CIN,NL,CENTRAL,OF,44,R,R
Jonathan Arauz,22,BOS,AL,EAST,INF,3,S,R
Orlando Arcia,26,ATL,NL,EAST,UTL,9,R,R
Nolan Arenado,30,STL,NL,CENTRAL,INF,28,R,R
Randy Arozarena,26,TBR,AL,EAST,OF,56,R,R
Luis Arraez,24,MIN,AL,CENTRAL,UTL,2,L,R
Christian Arroyo,26,BOS,AL,EAST,INF,39,R,R
Willians Astudillo,29,MIN,AL,CENTRAL,INF,64,R,R
Alex Avila,34,WSN,NL,EAST,INF,6,L,R
Akil Baddoo,22,DET,AL,CENTRAL,OF,60,L,L
Harrison Bader,27,STL,NL,CENTRAL,OF,48,R,R
Javier Baez,28,DET,AL,CENTRAL,INF,28,R,R
Austin Barnes,31,LAD,NL,WEST,C,15,R,R
Tucker Barnhart,30,CIN,NL,CENTRAL,C,15,L,R
Tres Barrera,26,WSN,NL,EAST,INF,38,R,R
Jake Bauers,25,SEA,AL,WEST,UTL,5,L,L
Matt Beaty,28,LAD,NL,WEST,UTL,45,L,R
Josh Bell,28,WSN,NL,EAST,UTL,19,L,R
Cody Bellinger,25,LAD,NL,WEST,OF,35,L,L
Brandon Belt,33,SFG,NL,WEST,INF,9,L,L
Andrew Benintendi,26,KCR,AL,CENTRAL,OF,16,L,L
Jon Berti,31,MIA,NL,EAST,UTL,5,R,R
Mookie Betts,28,LAD,NL,WEST,OF,50,R,R
Bo Bichette,23,TOR,AL,EAST,INF,11,R,R
Cavan Biggio,26,TOR,AL,EAST,UTL,8,L,R
Charlie Blackmon,34,COL,NL,WEST,OF,19,L,L
Alex Blandino,28,CIN,NL,CENTRAL,UTL,0,R,R
Xander Bogaerts,28,BOS,AL,EAST,INF,2,R,R
Alec Bohm,24,PHI,NL,EAST,INF,28,R,R
David Bote,28,CHC,NL,CENTRAL,INF,13,R,R
Bobby Bradley,25,CLE,AL,CENTRAL,INF,44,L,R
Jackie Bradley Jr.,31,BOS,AL,EAST,OF,41,L,R
Michael Brantley,34,HOU,AL,WEST,OF,23,L,L
Alex Bregman,27,HOU,AL,WEST,INF,2,R,R
Lewis Brinson,27,MIA,NL,EAST,OF,25,R,R
Mike Brosseau,27,MIL,NL,CENTRAL,UTL,43,R,R
Seth Brown,28,OAK,AL,WEST,OF,15,L,L
Kris Bryant,29,SFG,NL,WEST,UTL,23,R,R
Byron Buxton,27,MIN,AL,CENTRAL,OF,25,R,R
Asdrubal Cabrera,35,CIN,NL,CENTRAL,INF,3,S,R
Miguel Cabrera,38,DET,AL,CENTRAL,INF,24,R,R
Lorenzo Cain,35,MIL,NL,CENTRAL,OF,6,R,R
Kole Calhoun,33,ARI,NL,WEST,OF,56,L,L
Willie Calhoun,26,TEX,AL,WEST,OF,5,L,R
Daz Cameron,24,DET,AL,CENTRAL,OF,41,R,R
Jeimer Candelario,27,DET,AL,CENTRAL,INF,46,S,R
Mark Canha,32,OAK,AL,WEST,OF,19,R,R
Victor Caratini,27,SDP,NL,WEST,INF,17,S,R
Dylan Carlson,22,STL,NL,CENTRAL,OF,3,S,L
Matt Carpenter,35,STL,NL,CENTRAL,INF,13,L,R
Curt Casali,32,SFG,NL,WEST,C,2,R,R
Nick Castellanos,29,CIN,NL,CENTRAL,OF,2,R,R
Harold Castro,27,DET,AL,CENTRAL,UTL                               30,,L,R
Jason Castro,34,HOU,AL,WEST,INF,18,L,R
Rodolfo Castro,22,PIT,NL,CENTRAL,INF,14,S,R
Starlin Castro,31,WSN,NL,EAST,INF,13,R,R
Willi Castro,24,DET,AL,CENTRAL,INF,9,S,R
Jake Cave,28,MIN,AL,CENTRAL,OF,60,L,L
Yu Chang,25,CLE,AL,CENTRAL,INF,2,R,R
Matt Chapman,28,OAK,AL,WEST,INF,26,R,R
Michael Chavis,25,PIT,NL,CENTRAL,INF,2,R,R
Robinson Chirinos,37,CHC,NL,CENTRAL,INF,29,R,R
Jazz Chisholm,23,MIA,NL,EAST,INF,2,L,R
Ji-Man Choi,30,TBR,AL,EAST,INF,26,L,R
Ernie Clement,25,CLE,AL,CENTRAL,INF,28,R,R
Zack Collins,26,CHW,AL,CENTRAL,INF,21,L,R
Michael Conforto,28,NYM,NL,EAST,OF,30,L,R
William Contreras,23,ATL,NL,EAST,C,24,R,R
Willson Contreras,29,CHC,NL,CENTRAL,C,40,R,R
Garrett Cooper,30,MIA,NL,EAST,UTL,26,R,R
Franchy Cordero,26,BOS,AL,EAST,UTL,16,L,R
Carlos Correa,26,HOU,AL,WEST,INF,1,R,R
Brandon Crawford,34,SFG,NL,WEST,INF,35,L,R
J.P. Crawford,26,SEA,AL,WEST,INF,3,L,R
C.J. Cron,31,COL,NL,WEST,INF,25,R,R
Jake Cronenworth,27,SDP,NL,WEST,INF,9,L,R
Nelson Cruz,40,TBR,AL,EAST,INF,23,R,R
Charlie Culberson,32,TEX,AL,WEST,INF                             2,,R,R
Travis d'Arnaud,32,ATL,NL,EAST,C,16,R,R
David Dahl,27,TEX,AL,WEST,OF,21,L,R
Bobby Dalbec,26,BOS,AL,EAST,INF,29,R,R
J.D. Davis,28,NYM,NL,EAST,INF,28,R,R
Jonathan Davis,29,NYY,AL,EAST,OF,36,R,R
Khris Davis,33,OAK,AL,WEST,OF,11,R,R
Yonathan Daza,27,COL,NL,WEST,OF,2,R,R
Bryan De La Cruz,24,MIA,NL,EAST,OF,77,R,R
Paul DeJong,27,STL,NL,CENTRAL,INF,12,R,R
Rafael Devers,24,BOS,AL,EAST,INF,11,L,R
Aledmys Díaz,30,HOU,AL,WEST,INF,16,R,R
Elias Diaz,30,COL,NL,WEST,C,35,R,R
Isan Diaz,25,MIA,NL,EAST,INF,1,L,R
Lewin Diaz,24,MIA,NL,EAST,INF,68,L,L
Yandy Díaz,29,TBR,AL,EAST,INF,2,R,R
Alex Dickerson,31,SFG,NL,WEST,OF,12,L,L
Corey Dickerson,32,TOR,AL,EAST,OF,14,L,R
Wilmer Difo,29,PIT,NL,CENTRAL,INF,15,S,R
Josh Donaldson,35,MIN,AL,CENTRAL,INF,20,R,R
Hunter Dozier,29,KCR,AL,CENTRAL,UTL,17,R,R
Brandon Drury,28,NYM,NL,EAST,UTL,35,R,R
Mauricio Dubon,26,SFG,NL,WEST,UTL,1,R,R
Matt Duffy,30,CHC,NL,CENTRAL,INF,5,R,R
Steven Duggar,27,SFG,NL,WEST,OF,6,L,R
Jarren Duran,24,BOS,AL,EAST,OF,40,L,R
Adam Duvall,32,ATL,NL,EAST,OF,14,R,R
Jarrod Dyson,36,TOR,AL,EAST,OF,1,L,R
Adam Eaton,32,LAA,AL,WEST,OF,9,L,L
Tommy Edman,26,STL,NL,CENTRAL,UTL,19,S,R
Drew Ellis,25,ARI,NL,WEST,INF,27,R,R
Adam Engel,29,CHW,AL,CENTRAL,OF,15,R,R
Alcides Escobar,34,WSN,NL,EAST,INF,3,R,R
Eduardo Escobar,32,NYM,NL,EAST,INF,10,S,R
Santiago Espinal,26,TOR,AL,EAST,INF,5,R,R
Thairo Estrada,25,SFG,NL,WEST,INF,39,R,R
Phillip Evans,28,PIT,NL,CENTRAL,UTL,24,R,R
Kyle Farmer,30,CIN,NL,CENTRAL,INF,17,R,R
David Fletcher,27,LAA,AL,WEST,INF,22,R,R
Wilmer Flores,29,SFG,NL,WEST,INF,41,R,R
Jake Fraley,26,SEA,AL,WEST,OF,28,L,L
Ty France,26,SEA,AL,WEST,INF,23,R,R
Maikel Franco,28,BAL,AL,EAST,INF,3,R,R
Wander Franco,20,TBR,AL,EAST,INF,5,S,R
Adam Frazier,29,SEA,AL,WEST,UTL,26,L,R
Clint Frazier,26,CHC,NL,CENTRAL,OF,77,R,R
Freddie Freeman,31,ATL,NL,EAST,INF,5,L,R
Joshua Fuentes,28,COL,NL,WEST,INF,8,R,R
Cam Gallagher,28,KCR,AL,CENTRAL,C,36,R,R
Joey Gallo,27,NYY,AL,EAST,OF,13,L,R
Freddy Galvis,31,PHI,NL,EAST,INF,8,S,R
Ben Gamel,29,PIT,NL,CENTRAL,OF,18,L,L
Adolis García,28,TEX,AL,WEST,OF,53,R,R
Aramis Garcia,28,OAK,AL,WEST,C,37,R,R
Avisail Garcia,30,MIA,NL,EAST,OF,24,R,R
Leury Garcia,30,CHW,AL,CENTRAL,UTL,28,S,R
Luis Garcia,21,WSN,NL,EAST,INF,2,L,R
Robel Garcia,28,HOU,AL,WEST,INF,9,S,R
Brett Gardner,37,NYY,AL,EAST,OF,11,R,L
Kyle Garlick,29,MIN,AL,CENTRAL,OF,30,R,R
Mitch Garver,30,MIN,AL,CENTRAL,C,8,R,R
Andres Gimenez,22,CLE,AL,CENTRAL,INF,0,L,R
Paul Goldschmidt,33,STL,NL,CENTRAL,INF,46,R,R
Yan Gomes,33,CHC,NL,CENTRAL,C,10,R,R
Erik Gonzalez,29,PIT,NL,CENTRAL,INF,2,R,R
Marwin Gonzalez,32,HOU,AL,WEST,INF                             12,,S,R
Niko Goodrum,29,DET,AL,CENTRAL,INF,28,S,R
Brian Goodwin,30,CHW,AL,CENTRAL,OF,18,L,R
Nick Gordon,25,MIN,AL,CENTRAL,UTL,1,L,R
Phil Gosselin,32,LAA,AL,WEST,UTL,13,R,R
Yasmani Grandal,32,CHW,AL,CENTRAL,C,24,S,R
Didi Gregorius,31,PHI,NL,EAST,INF,18,L,R
Grayson Greiner,28,DET,AL,CENTRAL,C,17,R,R
Randal Grichuk,29,TOR,AL,EAST,OF,15,R,R
Trent Grisham,24,SDP,NL,WEST,OF,2,L,L
Robbie Grossman,31,DET,AL,CENTRAL,OF,8,S,L
Vladimir Guerrero Jr.,22,TOR,AL,EAST,INF,27,R,R
Luis Guillorme,26,NYM,NL,EAST,INF,13,L,R
Lourdes Gurriel Jr.,27,TOR,AL,EAST,OF,13,R,R
Yuli Gurriel,37,HOU,AL,WEST,INF,10,R,R
Kelvin Gutierrez,26,BAL,AL,EAST,INF,82,R,R
Eric Haase,28,DET,AL,CENTRAL,UTL,13,R,R
Sam Haggerty,27,SEA,AL,WEST,OF,0,S,R
Billy Hamilton,30,CHW,AL,CENTRAL,OF,0,S,R
Garrett Hampson,26,COL,NL,WEST,UTL,1,R,R
Mitch Haniger,30,SEA,AL,WEST,OF,17,R,R
Ian Happ,26,CHC,NL,CENTRAL,OF,8,S,R
Bryce Harper,28,PHI,NL,EAST,OF,3,L,R
Josh Harrison,33,OAK,NL,WEST,UTL,1,R,R
Ke'Bryan Hayes,24,PIT,NL,CENTRAL,INF,13,R,R
Austin Hays,25,BAL,AL,EAST,OF,21,R,R
Austin Hedges,28,CLE,AL,CENTRAL,C,17,R,R
Jonah Heim,26,TEX,AL,WEST,C,28,S,R
Guillermo Heredia,30,ATL,NL,EAST,OF,38,R,L
Cesar Hernandez,31,CHW,AL,CENTRAL,INF,43,S,R
Enrique Hernandez,29,BOS,AL,EAST,UTL,5,R,R
Teoscar Hernandez,28,TOR,AL,EAST,OF,37,R,R
Yadiel Hernández,33,WSN,NL,EAST,OF,29,L,R
Yonny Hernandez,23,TEX,AL,WEST,INF,65,S,R
Odubel Herrera,29,PHI,NL,EAST,OF,37,L,R
Jason Heyward,31,CHC,NL,CENTRAL,OF,22,L,L
Aaron Hicks,31,NYY,AL,EAST,OF,31,S,R
Kyle Higashioka,31,NYY,AL,EAST,INF,66,R,R
Derek Hill,25,DET,AL,CENTRAL,OF,54,R,R
Sam Hilliard,27,COL,NL,WEST,OF,22,L,L
Keston Hiura,24,MIL,NL,CENTRAL,INF,18,R,R
Nico Hoerner,24,CHC,NL,CENTRAL,INF,2,R,R
Brock Holt,33,TEX,AL,WEST,INF,16,L,R
Rhys Hoskins,28,PHI,NL,EAST,INF,17,R,R
Eric Hosmer,31,SDP,NL,WEST,INF,30,L,L
Andy Ibáñez,28,TEX,AL,WEST,INF,77,R,R
José Iglesias,31,BOS,AL,EAST,INF,12,R,R
Ender Inciarte,30,ATL,NL,EAST,OF,11,L,L
Jonathan India,24,CIN,NL,CENTRAL,INF,6,R,R
Kyle Isbel,24,KCR,AL,CENTRAL,OF,28,L,R
Alex Jackson,25,MIA,NL,EAST,C,23,R,R
Travis Jankowski,30,PHI,NL,EAST,OF,9,L,R
Danny Jansen,26,TOR,AL,EAST,C,9,R,R
Ryan Jeffers,24,MIN,AL,CENTRAL,C,27,R,R
Eloy Jimenez,24,CHW,AL,CENTRAL,OF,74,R,R
Connor Joe,28,COL,NL,WEST,OF,9,R,R
Daniel Johnson,25,CLE,AL,CENTRAL,OF,23,L,L
JaCoby Jones,29,DET,AL,CENTRAL,OF,21,R,R
Taylor Jones,27,HOU,AL,WEST,INF,28,R,R
Aaron Judge,29,NYY,AL,EAST,OF,99,R,R
Jarred Kelenic,21,SEA,AL,WEST,OF,10,L,L
Carson Kelly,26,ARI,NL,WEST,C,18,R,R
Tony Kemp,29,OAK,AL,WEST,UTL,5,L,R
Max Kepler,28,MIN,AL,CENTRAL,OF,26,L,L
Carter Kieboom,23,WSN,NL,EAST,INF,8,R,R
Kevin Kiermaier,31,TBR,AL,EAST,OF,39,L,R
Ha-Seong Kim,25,SDP,NL,WEST,INF,7,R,R
Isiah Kiner-Falefa,26,TEX,AL,WEST,INF,9,R,R
Alex Kirilloff,23,MIN,AL,CENTRAL,UTL,19,L,L
Alejandro Kirk,22,TOR,AL,EAST,C,30,R,R
Andrew Knapp,29,PHI,NL,EAST,C,35,S,R
Andrew Knizner,26,STL,NL,CENTRAL,C,7,R,R
Tommy La Stella,32,SFG,NL,WEST,INF,18,L,R
Juan Lagares,32,LAA,AL,WEST,OF,19,R,R
Jake Lamb,30,TOR,AL,EAST,UTL,2,L,R
Trevor Larnach,24,MIN,AL,CENTRAL,OF,24,L,R
Ramon Laureano,26,OAK,AL,WEST,OF,22,R,R
DJ LeMahieu,32,NYY,AL,EAST,INF,26,R,R
Sandy Leon,32,MIA,NL,EAST,C,7,S,R
Kyle Lewis,25,SEA,AL,WEST,OF,1,R,R
Domingo Leyba,25,BAL,AL,EAST,INF,75,S,R
Francisco Lindor,27,NYM,NL,EAST,INF,12,S,R
Tim Locastro,28,NYY,AL,EAST,OF,33,R,R
Shed Long,25,SEA,AL,WEST,UTL,4,L,R
Evan Longoria,35,SFG,NL,WEST,INF,10,R,R
Nicky Lopez,26,KCR,AL,CENTRAL,INF,8,L,R
Brandon Lowe,26,TBR,AL,EAST,INF,8,L,R
Nathaniel Lowe,25,TEX,AL,WEST,INF,30,L,R
Jed Lowrie,37,OAK,AL,WEST,INF,4,S,R
Jordan Luplow,27,TBR,AL,EAST,UTL                               25,,R,R
Gavin Lux,23,LAD,NL,WEST,UTL,9,L,R
Manny Machado,28,SDP,NL,WEST,INF,13,R,R
Nick Madrigal,24,CHW,AL,CENTRAL,INF,1,R,R
Martin Maldonado,34,HOU,AL,WEST,C,15,R,R
Trey Mancini,29,BAL,AL,EAST,INF,16,R,R
Manuel Margot,26,TBR,AL,EAST,OF,13,R,R
Jake Marisnick,30,CHC,NL,CENTRAL,OF,16,R,R
Jose Marmolejos,28,SEA,AL,WEST,UTL,26,L,L
Brandon Marsh,23,LAA,AL,WEST,OF,16,L,R
Ketel Marte,27,ARI,NL,WEST,UTL,4,S,R
Starling Marte,32,NYM,NL,EAST,OF,6,R,R
Jason Martin,25,TEX,AL,WEST,OF,50,L,R
Richie Martin,26,BAL,AL,EAST,INF,1,R,R
J.D. Martinez,33,BOS,AL,EAST,OF,28,R,R
Jorge Mateo,26,BAL,AL,EAST,UTL,26,R,R
Nick Maton,24,PHI,NL,EAST,INF,29,L,R
Jack Mayfield,30,SEA,AL,WEST,INF,9,R,R
Nomar Mazara,26,DET,AL,CENTRAL,OF,15,L,L
Patrick Mazeika,27,NYM,NL,EAST,C,76,L,R
James McCann,31,NYM,NL,EAST,C,33,R,R
Chas McCormick,26,HOU,AL,WEST,OF,20,R,L
Andrew McCutchen,34,PHI,NL,EAST,OF,22,R,R
Reese McGuire,26,TOR,AL,EAST,C,7,L,R
Ryan McKenna,24,BAL,AL,EAST,OF,65,R,R
Billy McKinney,26,LAD,NL,WEST,OF,29,L,L
Zach McKinstry,26,LAD,NL,WEST,UTL,8,L,R
Ryan McMahon,26,COL,NL,WEST,INF,24,L,R
Jeff McNeil,29,NYM,NL,EAST,UTL,1,L,R
Austin Meadows,26,TBR,AL,EAST,OF,17,L,L
Francisco Mejia,25,TBR,AL,EAST,C,28,S,R
Danny Mendick,27,CHW,AL,CENTRAL,20,,R,R
Oscar Mercado,26,CLE,AL,CENTRAL,OF,35,R,R
Yermin Mercedes,28,CHW,AL,CENTRAL,INF,73,R,R
Jordy Mercer,34,WSN,NL,EAST,INF,27,R,R
Whit Merrifield,32,KCR,AL,CENTRAL,UTL,15,R,R
Jake Meyers,25,HOU,AL,WEST,OF,6,R,L
Brad Miller,31,PHI,NL,EAST,UTL,13,L,R
Owen Miller,24,CLE,AL,CENTRAL,INF,6,R,R
Yadier Molina,38,STL,NL,CENTRAL,C,4,R,R
Yoan Moncada,26,CHW,AL,CENTRAL,INF,10,S,R
Adalberto Mondesi,25,KCR,AL,CENTRAL,INF,27,S,R
Dylan Moore,28,SEA,AL,WEST,UTL,25,R,R
Colin Moran,28,PIT,NL,CENTRAL,INF,19,L,R
Mitch Moreland,35,OAK,AL,WEST,INF,18,L,L
Ryan Mountcastle,24,BAL,AL,EAST,INF,6,R,R
Mike Moustakas,32,CIN,NL,CENTRAL,INF,9,L,R
Cedric Mullins,26,BAL,AL,EAST,OF,31,L,L
Max Muncy,30,LAD,NL,WEST,INF,13,L,R
Sean Murphy,26,OAK,AL,WEST,C,12,R,R
Tom Murphy,30,SEA,AL,WEST,C,2,R,R
Wil Myers,30,SDP,NL,WEST,OF,5,R,R
Tyler Naquin,30,CIN,NL,CENTRAL,OF,12,L,R
Omar Narvaez,29,MIL,NL,CENTRAL,C,10,L,R
Kevin Newman,27,PIT,NL,CENTRAL,INF,27,R,R
Tomas Nido,27,NYM,NL,EAST,C,3,R,R
Brandon Nimmo,28,NYM,NL,EAST,OF,9,L,R
John Nogowski,28,PIT,NL,CENTRAL,INF,69,R,L
Austin Nola,31,SDP,NL,WEST,C,26,R,R
Lars Nootbaar,23,STL,NL,CENTRAL,OF,68,L,R
Dom Nunez,26,COL,NL,WEST,C,3,L,R
Ryan O'Hearn,27,KCR,AL,CENTRAL,UTL,66,L,L
Tyler O'Neill,26,STL,NL,CENTRAL,OF,27,R,R
Rougned Odor,27,BAL,AL,EAST,INF,12,L,R
Shohei Ohtani,26,LAA,AL,WEST,UTL,17,L,R
Edward Olivares,25,KCR,AL,CENTRAL,OF,14,R,R
Matt Olson,27,OAK,AL,WEST,INF,28,L,R
Rafael Ortega,30,CHC,NL,CENTRAL,OF,66,L,R
Marcell Ozuna,30,ATL,NL,EAST,OF,20,R,R
Joe Panik,30,MIA,NL,EAST,INF,12,L,R
Isaac Paredes,22,DET,AL,CENTRAL,INF,19,R,R
Hoy Park,25,PIT,NL,CENTRAL,INF,44,L,R
Gerardo Parra,34,WSN,NL,EAST,OF,88,L,L
Joc Pederson,29,ATL,NL,EAST,OF,22,L,L
David Peralta,33,ARI,NL,WEST,OF,6,L,L
Jose Peraza,27,NYM,NL,EAST,INF,18,R,R
Michael Perez,28,PIT,NL,CENTRAL,C,5,L,R
Roberto Perez,32,PIT,NL,CENTRAL,C,55,R,R
Salvador Perez,31,KCR,AL,CENTRAL,C,13,R,R
DJ Peters,25,TEX,AL,WEST,OF,38,R,R
Jace Peterson,31,MIL,NL,CENTRAL,INF,14,L,R
Brett Phillips,27,TBR,AL,EAST,OF,35,L,R
Kevin Pillar,32,NYM,NL,EAST,OF,11,R,R
Manny Pina,34,ATL,NL,EAST,C,9,R,R
Chad Pinder,29,OAK,AL,WEST,OF,4,R,R
Stephen Piscotty,30,OAK,AL,WEST,OF,25,R,R
Kevin Plawecki,30,BOS,AL,EAST,C,25,R,R
Gregory Polanco,29,PIT,NL,CENTRAL,OF,25,L,L
Jorge Polanco,27,MIN,AL,CENTRAL,INF,11,S,R
AJ Pollock,33,LAD,NL,WEST,OF,11,R,R
Jurickson Profar,28,SDP,NL,WEST,OF,10,S,R
Albert Pujols,41,LAD,NL,WEST,INF,55,R,R
Cal Raleigh,24,SEA,AL,WEST,C,29,S,R
Harold Ramirez,26,CLE,AL,CENTRAL,OF,40,R,R
Jose Ramirez,28,CLE,AL,CENTRAL,INF,11,S,R
Wilson Ramos,33,CLE,AL,CENTRAL,C,40,R,R
J.T. Realmuto,30,PHI,NL,EAST,C,10,R,R
Josh Reddick,34,ARI,NL,WEST,OF,22,L,R
Rob Refsnyder,30,MIN,AL,CENTRAL,OF,38,R,R
Anthony Rendon,31,LAA,AL,WEST,INF,6,R,R
Hunter Renfroe,29,MIL,NL,CENTRAL,OF,10,R,R
Luis Rengifo,24,LAA,AL,WEST,UTL,2,S,R
Franmil Reyes,25,CLE,AL,CENTRAL,OF,32,R,R
Pablo Reyes,27,MIL,NL,CENTRAL,INF,33,R,R
Victor Reyes,26,DET,AL,CENTRAL,OF,22,S,R
Bryan Reynolds,26,PIT,NL,CENTRAL,OF,10,S,R
Austin Riley,24,ATL,NL,EAST,INF,27,R,R
Webster Rivas,30,SDP,NL,WEST,C,48,R,R
Emmanuel Rivera,25,KCR,AL,CENTRAL,INF,26,R,R
Anthony Rizzo,31,NYY,AL,EAST,INF,48,L,L
Luis Robert,23,CHW,AL,CENTRAL,OF,88,R,R
Daniel Robertson,27,MIL,NL,CENTRAL,INF,28,R,R
Victor Robles,24,WSN,NL,EAST,OF,16,R,R
Brendan Rodgers,24,COL,NL,WEST,INF,7,R,R
Jake Rogers,26,DET,AL,CENTRAL,C,34,R,R
Jose Rojas,28,LAA,AL,WEST,UTL,18,L,R
Josh Rojas,27,ARI,NL,WEST,UTL,10,L,R
Miguel Rojas,32,MIA,NL,EAST,INF,19,R,R
Brent Rooker,26,MIN,AL,CENTRAL,OF,50,R,R
Amed Rosario,25,CLE,AL,CENTRAL,UTL,1,R,R
Eddie Rosario,29,ATL,NL,EAST,OF,8,L,R
Darin Ruf,34,SFG,NL,WEST,UTL,33,R,R
Keibert Ruiz,22,WSN,NL,EAST,C,20,S,R
Rio Ruiz,27,COL,NL,WEST,INF,14,L,R
Gary Sanchez,28,NYY,AL,EAST,C,24,R,R
Jesus Sanchez,23,MIA,NL,EAST,OF,76,L,R
Miguel Sano,28,MIN,AL,CENTRAL,INF,22,R,R
Carlos Santana,35,KCR,AL,CENTRAL,INF,41,S,R
Danny Santana,30,BOS,AL,EAST,UTL,22,S,R
Anthony Santander,26,BAL,AL,EAST,OF,25,S,R
Jonathan Schoop,29,DET,AL,CENTRAL,INF,7,R,R
Max Schrock,26,CIN,NL,CENTRAL,OF,32,L,R
Kyle Schwarber,28,BOS,AL,EAST,OF,18,L,R
Frank Schwindel,29,CHC,NL,CENTRAL,INF,18,R,R
Corey Seager,27,TEX,AL,WEST,INF,5,L,R
Jean Segura,31,PHI,NL,EAST,INF,2,R,R
Marcus Semien,30,TEX,AL,WEST,INF,2,R,R
Nick Senzel,26,CIN,NL,CENTRAL,OF,15,R,R
Pedro Severino,27,MIL,NL,CENTRAL,C,28,R,R
Travis Shaw,31,BOS,AL,EAST,INF,23,L,R
Gavin Sheets,25,CHW,AL,CENTRAL,UTL,32,L,L
Zack Short,26,DET,AL,CENTRAL,INF,59,R,R
Magneuris Sierra,25,MIA,NL,EAST,OF,34,L,L
Andrelton Simmons,31,MIN,AL,CENTRAL,INF,9,R,R
Chance Sisco,26,NYM,NL,EAST,C,77,L,R
Austin Slater,28,SFG,NL,WEST,OF,13,R,R
Dominic Smith,26,NYM,NL,EAST,OF,2,L,L
Kevan Smith,33,ATL,NL,EAST,C,52,R,R
Kevin Smith,24,TOR,AL,EAST,INF,66,R,R
Pavin Smith,25,ARI,NL,WEST,UTL,26,L,L
Will Smith,26,LAD,NL,WEST,C,16,R,R
Eric Sogard,35,CHC,NL,CENTRAL,INF,4,L,R
Nick Solak,26,TEX,AL,WEST,INF,15,R,R
Donovan Solano,33,SFG,NL,WEST,INF,7,R,R
Jorge Soler,29,ATL,NL,EAST,OF,12,R,R
Edmundo Sosa,25,STL,NL,CENTRAL,INF,63,R,R
Juan Soto,22,WSN,NL,EAST,OF,22,L,L
George Springer,31,TOR,AL,EAST,OF,4,R,R
Jacob Stallings,31,MIA,NL,EAST,C,58,R,R
Giancarlo Stanton,31,NYY,AL,EAST,INF,27,R,R
Max Stassi,30,LAA,AL,WEST,C,33,R,R
Tyler Stephenson,24,CIN,NL,CENTRAL,C,37,R,R
Andrew Stevenson,27,WSN,NL,EAST,OF,17,L,L
DJ Stewart,27,BAL,AL,EAST,OF,24,L,R
Trevor Story,28,COL,NL,WEST,INF,27,R,R
Myles Straw,26,CLE,AL,CENTRAL,OF,7,R,R
Eugenio Suarez,29,CIN,NL,CENTRAL,INF,7,R,R
Kurt Suzuki,37,LAA,AL,WEST,C,24,R,R
Dansby Swanson,27,ATL,NL,EAST,INF,7,R,R
Raimel Tapia,27,COL,NL,WEST,OF,15,L,L
Fernando Tatis Jr.,22,SDP,NL,WEST,INF,23,R,R
Mike Tauchman,30,SFG,NL,WEST,OF,29,L,L
Leody Taveras,22,TEX,AL,WEST,OF,3,S,R
Chris Taylor,30,LAD,NL,WEST,UTL,3,R,R
Michael A. Taylor,30,KCR,AL,CENTRAL,OF,2,R,R
Tyrone Taylor,27,MIL,NL,CENTRAL,OF,15,R,R
Rowdy Tellez,26,MIL,NL,CENTRAL,INF,11,L,L
Lane Thomas,25,WSN,NL,EAST,OF,28,R,R
Ka'ai Tom,27,PIT,AL,CENTRAL,OF,60,L,R
Abraham Toro,24,SEA,AL,WEST,INF,13,S,R
Luis Torrens,25,SEA,AL,WEST,2,22,R,R
Gleyber Torres,24,NYY,AL,EAST,INF,25,R,R
Ronald Torreyes,28,PHI,NL,EAST,INF,74,R,R
Jose Trevino,28,TEX,AL,WEST,C,23,R,R
Mike Trout,29,LAA,AL,WEST,OF,27,R,R
Yoshi Tsutsugo,29,PIT,NL,CENTRAL,INF,25,L,R
Cole Tucker,24,PIT,NL,CENTRAL,INF,3,S,R
Kyle Tucker,24,HOU,AL,WEST,OF,30,R,R
Justin Turner,36,LAD,NL,WEST,INF,10,R,R
Trea Turner,28,LAD,NL,WEST,INF,6,R,R
Justin Upton,33,LAA,AL,WEST,OF,10,R,R
Luis Urias,24,MIL,NL,CENTRAL,INF,7,R,R
Ramon Urias,27,BAL,AL,EAST,INF,29,R,R
Gio Urshela,29,NYY,AL,EAST,INF,29,R,R
Pat Valaika,28,BAL,AL,EAST,INF,11,R,R
Breyvic Valera,29,TOR,AL,EAST,INF,74,L,R
Josh VanMeter,26,ARI,NL,WEST,INF,19,L,R
Ildemaro Vargas,29,PIT,NL,CENTRAL,INF,8,S,R
Daulton Varsho,24,ARI,NL,WEST,UTL,12,L,R
Andrew Vaughn,23,CHW,AL,CENTRAL,OF,25,R,R
Christian Vazquez,30,BOS,AL,EAST,C,7,R,R
Alex Verdugo,25,BOS,AL,EAST,OF,99,L,L
Matt Vierling,24,PHI,NL,EAST,OF,19,R,R
Jonathan Villar,30,NYM,NL,EAST,INF,1,S,R
Daniel Vogelbach,28,MIL,NL,CENTRAL,INF,20,L,R
Stephen Vogt,36,ATL,NL,EAST,C,26,L,R
Luke Voit,30,NYY,AL,EAST,INF,59,R,R
Jason Vosler,27,SFG,NL,WEST,INF,32,L,R
Joey Votto,37,CIN,NL,CENTRAL,INF,19,L,R
LaMonte Wade Jr,27,SFG,NL,WEST,OF,31,L,L
Tyler Wade,26,NYY,AL,EAST,INF,14,L,R
Christian Walker,30,ARI,NL,WEST,INF,53,R,R
Taylor Walls,24,TBR,AL,EAST,INF,6,S,R
Jared Walsh,27,LAA,AL,WEST,UTL,20,L,L
Taylor Ward,27,LAA,AL,WEST,OF,3,R,R
Joey Wendle,31,MIA,NL,EAST,INF,18,L,R
Eli White,27,TEX,AL,WEST,OF,41,R,R
Evan White,25,SEA,AL,WEST,INF,12,R,L
Stevie Wilkerson,29,BAL,AL,EAST,INF,12,S,R
Justin Williams,25,STL,NL,CENTRAL,OF,26,L,R
Luke Williams,24,PHI,NL,EAST,OF,30,L,R
Jesse Winker,27,CIN,NL,CENTRAL,OF,33,L,L
Patrick Wisdom,29,CHC,NL,CENTRAL,UTL,16,R,R
Kolten Wong,30,MIL,NL,CENTRAL,INF,16,L,R
Austin Wynns,30,BAL,AL,EAST,C,61,R,R
Mike Yastrzemski,30,SFG,NL,WEST,OF,5,L,L
Christian Yelich,29,MIL,NL,CENTRAL,OF,22,L,R
Andrew Young,27,ARI,NL,WEST,INF,15,R,R
Seby Zavala,27,CHW,AL,CENTRAL,C,44,R,R
Bradley Zimmer,28,CLE,AL,CENTRAL,OF,4,L,R
Mike Zunino,30,TBR,AL,EAST,C,10,R,R
Austin Adams,30,SDP,NL,WEST,P,54,R,R
Keegan Akin,26,BAL,AL,EAST,P,54,L,L
Jorge Alcala,25,MIN,AL,CENTRAL,P,66,R,R
Sandy Alcantara,25,MIA,NL,EAST,P,22,R,R
Tyler Alexander,26,DET,AL,CENTRAL,P,70,R,L
Kolby Allard,23,TEX,AL,WEST,P,39,L,L
Logan Allen,24,CLE,AL,CENTRAL,P,54,R,L
Jose Alvarado,26,PHI,NL,EAST,P,56,L,L
Jose Alvarez,32,SFG,NL,WEST,P,50,L,L
Adbert Alzolay,26,CHC,NL,CENTRAL,P,73,R,R
Brett Anderson,33,MIL,NL,CENTRAL,P,25,L,L
Ian Anderson,23,ATL,NL,EAST,P,36,R,R
Tyler Anderson,31,SEA,AL,WEST,P,31,L,L
Jake Arrieta,35,SDP,NL,WEST,P,49,R,R
Daniel Bard,36,COL,NL,WEST,P,52,R,R
Scott Barlow,28,KCR,AL,CENTRAL,P,58,R,R
Matt Barnes,31,BOS,AL,EAST,P,32,R,R
Jaime Barria,24,LAA,AL,WEST,P,51,R,R
Anthony Bass,33,MIA,NL,EAST,P,52,R,R
Chris Bassitt,32,OAK,AL,WEST,P,40,R,R
Trevor Bauer,30,LAD,NL,WEST,P,27,R,R
David Bednar,26,PIT,NL,CENTRAL,P,51,L,R
Anthony Bender,26,MIA,NL,EAST,P,80,R,R
Jose Berrios,27,TOR,AL,EAST,P,17,R,R
Phil Bickford,25,LAD,NL,WEST,P,52,R,R
Shane Bieber,26,CLE,AL,CENTRAL,P,57,R,R
Brandon Bielak,25,HOU,AL,WEST,P,64,L,R
Richard Bleier,34,MIA,NL,EAST,P,35,L,L
Brad Boxberger,33,MIL,NL,CENTRAL,P,45,R,R
Matthew Boyd,30,DET,AL,CENTRAL,P,48,L,L
Archie Bradley,28,PHI,NL,EAST,P,23,R,R
Jake Brentz,26,KCR,AL,CENTRAL,P,59,L,L
Connor Brogdon,26,PHI,NL,EAST,P,75,R,R
Rex Brothers,33,CHC,NL,CENTRAL,P,48,L,L
JT Brubaker,27,PIT,NL,CENTRAL,P,34,R,R
Kris Bubic,23,KCR,AL,CENTRAL,P,50,L,L
Walker Buehler,26,LAD,NL,WEST,P,21,R,R
Madison Bumgarner,31,ARI,NL,WEST,P,40,R,L
Aaron Bummer,27,CHW,AL,CENTRAL,P,39,L,L
Dylan Bundy,28,MIN,AL,CENTRAL,P,37,R,R
Corbin Burnes,26,MIL,NL,CENTRAL,P,39,R,R
Genesis Cabrera,24,STL,NL,CENTRAL,P,92,L,L
Griffin Canning,25,LAA,AL,WEST,P,47,R,R
Carlos Carrasco,34,NYM,NL,EAST,P,59,R,R
Diego Castillo,27,SEA,AL,WEST,P,63,R,R
Luis Castillo,28,CIN,NL,CENTRAL,P,58,R,R
Miguel Castro,26,NYM,NL,EAST,P,50,R,R
Dylan Cease,25,CHW,AL,CENTRAL,P,84,R,R
Luis Cessa,29,CIN,NL,CENTRAL,P,85,R,R
Jhoulys Chacin,33,COL,NL,WEST,P,43,R,R
Andrew Chafin,31,OAK,AL,WEST,P,39,R,L
Aroldis Chapman,33,NYY,AL,EAST,P,54,L,L
JT Chargois,30,TBR,AL,EAST,P,84,S,R
Adam Cimber,30,TOR,AL,EAST,P,90,R,R
Steve Cishek,35,LAA,AL,WEST,P,40,R,R
Jose Cisnero,32,DET,AL,CENTRAL,P,67,R,R
Aaron Civale,26,CLE,AL,CENTRAL,P,43,R,R
Emmanuel Clase,23,CLE,AL,CENTRAL,P,48,R,R
Alex Cobb,33,SFG,NL,WEST,P,38,R,R
Gerrit Cole,30,NYY,AL,EAST,P,45,R,R
Alex Colome,32,MIN,AL,CENTRAL,P,48,R,R
Patrick Corbin,31,WSN,NL,EAST,P,46,L,L
Nestor Cortes Jr.,26,NYY,AL,EAST,P,65,R,L
Nabil Crismatt,26,SDP,NL,WEST,P,74,R,R
Garrett Crochet,22,CHW,AL,CENTRAL,P,45,L,L
Wil Crowe,26,PIT,NL,CENTRAL,P,29,R,R
Johnny Cueto,35,SFG,NL,WEST,P,47,R,R
Yu Darvish,34,SDP,NL,WEST,P,11,R,R
Zach Davies,28,CHC,NL,CENTRAL,P,27,R,R
Brett de Geus,23,ARI,NL,WEST,P,59,R,R
Jacob deGrom,33,NYM,NL,EAST,P,48,L,R
Anthony DeSclafani,31,SFG,NL,WEST,P,26,R,R
Ross Detwiler,35,SDP,NL,WEST,P,45,R,L
Edwin Diaz,27,NYM,NL,EAST,P,39,R,R
Jake Diekman,34,OAK,AL,WEST,P,35,R,L
Randy Dobnak,26,MIN,AL,CENTRAL,P,68,R,R
Tyler Duffey,30,MIN,AL,CENTRAL,P,21,R,R
Danny Duffy,32,KCR,AL,CENTRAL,P,30,L,L
Justin Dunn,25,SEA,AL,WEST,P,35,R,R
Dane Dunning,26,TEX,AL,WEST,P,33,R,R
Zach Eflin,27,PHI,NL,EAST,P,56,R,R
Nathan Eovaldi,31,BOS,AL,EAST,P,17,R,R
Paolo Espino,34,WSN,NL,EAST,P,30,R,R
Carlos Estevez,28,COL,NL,WEST,P,54,R,R
Jeurys Familia,31,NYM,NL,EAST,P,32,R,R
Erick Fedde,28,WSN,NL,EAST,P,23,R,R
J.P. Feyereisen,28,TBR,AL,EAST,P,34,R,R
Kyle Finnegan,29,WSN,NL,EAST,P,67,R,R
Jack Flaherty,25,STL,NL,CENTRAL,P,22,R,R
Josh Fleming,25,TBR,AL,EAST,P,19,L,L
Chris Flexen,26,SEA,AL,WEST,P,77,R,R
Dylan Floro,30,MIA,NL,EAST,P,36,L,R
Mike Foltynewicz,29,TEX,AL,WEST,P,20,R,R
Kyle Freeland,28,COL,NL,WEST,P,21,L,L
Max Fried,27,ATL,NL,EAST,P,54,L,L
Michael Fulmer,28,DET,AL,CENTRAL,P,32,R,R
Kyle Funkhouser,27,DET,AL,CENTRAL,P,36,R,R
Giovanny Gallegos,29,STL,NL,CENTRAL,P,65,R,R
Zac Gallen,25,ARI,NL,WEST,P,23,R,R
John Gant,28,STL,NL,CENTRAL,P,33,R,R
Jarlin Garcia,28,SFG,NL,WEST,P,66,L,L
Luis Garcia,24,HOU,AL,WEST,P,66,R,R
Yimi Garcia,30,HOU,AL,WEST,P,93,R,R
Kevin Gausman,30,TOR,AL,EAST,P,34,L,R
Domingo German,28,NYY,AL,EAST,P,55,R,R
Kyle Gibson,33,PHI,NL,EAST,P,44,R,R
Logan Gilbert,24,SEA,AL,WEST,P,36,R,R
Lucas Giolito,26,CHW,AL,CENTRAL,P,27,R,R
Mychal Givens,31,CIN,NL,CENTRAL,P,48,R,R
Tyler Glasnow,27,TBR,AL,EAST,P,20,L,R
Austin Gomber,27,COL,NL,WEST,P,26,L,L
Tony Gonsolin,27,LAD,NL,WEST,P,26,R,R
Marco Gonzales,29,SEA,AL,WEST,P,7,L,L
Chi Chi Gonzalez,29,COL,NL,WEST,P,50,R,R
Kendall Graveman,30,CHW,AL,CENTRAL,P,31,R,R
Jon Gray,29,TEX,AL,WEST,P,55,R,R
Josiah Gray,23,WSN,NL,EAST,P,40,R,R
Sonny Gray,31,CIN,NL,CENTRAL,P,54,R,R
Chad Green,30,NYY,AL,EAST,P,57,L,R
Zack Greinke,37,HOU,AL,WEST,P,21,R,R
Deolis Guerra,32,OAK,AL,WEST,P,65,R,R
Junior Guerra,36,LAA,AL,WEST,P,41,R,R
Vladimir Gutiérrez,25,CIN,NL,CENTRAL,P,53,R,R
Josh Hader,27,MIL,NL,CENTRAL,P,71,L,L
Brad Hand,31,NYM,NL,EAST,P,52,L,L
J.A. Happ,38,STL,MLB,CENTRAL,P,34,L,L
Matt Harvey,32,BAL,AL,EAST,P,32,R,R
Andrew Heaney,30,LAD,NL,WEST,P,38,L,L
Taylor Hearn,26,TEX,AL,WEST,P,52,L,L
Heath Hembree,32,CIN,NL,CENTRAL,P,55,R,R
Kyle Hendricks,31,CHC,NL,CENTRAL,P,28,R,R
Liam Hendriks,32,CHW,AL,CENTRAL,P,31,R,R
Sam Hentges,24,CLE,AL,CENTRAL,P,31,L,L
Carlos Hernandez,24,KCR,AL,CENTRAL,P,43,R,R
Elieser Hernandez,26,MIA,NL,EAST,P,57,R,R
Codi Heuer,24,CHC,NL,CENTRAL,P,12,R,R
Rich Hill,41,BOS,AL,EAST,P,21,L,L
Tim Hill,31,SDP,NL,WEST,P,25,R,L
Jeff Hoffman,28,CIN,NL,CENTRAL,P,23,R,R
Greg Holland,35,KCR,AL,CENTRAL,P,35,R,R
Clay Holmes,28,NYY,MLB,EAST,P,35,R,R
Tanner Houck,25,BOS,AL,EAST,P,89,R,R
Adrian Houser,28,MIL,NL,CENTRAL,P,37,R,R
Daniel Hudson,34,SDP,NL,WEST,P,18,R,R
Raisel Iglesias,31,LAA,AL,WEST,P,32,R,R
Cole Irvin,27,OAK,AL,WEST,P,19,L,L
Luke Jackson,29,ATL,NL,EAST,P,77,R,R
Kenley Jansen,33,LAD,NL,WEST,P,74,S,R
Cristian Javier,24,HOU,AL,WEST,P,53,R,R
Griffin Jax,26,MIN,AL,CENTRAL,P,83,R,R
Pierce Johnson,30,SDP,NL,WEST,P,36,R,R
James Kaprielian,27,OAK,AL,WEST,P,32,R,R
James Karinchak,25,CLE,AL,CENTRAL,P,99,R,R
Brad Keller,25,KCR,AL,CENTRAL,P,56,R,R
Mitch Keller,25,PIT,NL,CENTRAL,P,23,R,R
Merrill Kelly,32,ARI,NL,WEST,P,29,R,R
Ian Kennedy,36,PHI,NL,EAST,P,31,R,R
Clayton Kershaw,33,LAD,NL,WEST,P,22,L,L
Dallas Keuchel,33,CHW,AL,CENTRAL,P,60,L,L
Yusei Kikuchi,30,SEA,AL,WEST,P,18,L,L
Kwang Hyun Kim,32,STL,NL,CENTRAL,P,33,L,L
Craig Kimbrel,33,CHW,AL,CENTRAL,P,46,R,R
Michael King,26,NYY,AL,EAST,P,73,R,R
Tyler Kinley,30,COL,NL,WEST,P,40,R,R
Andrew Kittredge,31,TBR,AL,EAST,P,36,R,R
Corey Kluber,35,TBR,AL,EAST,P,28,R,R
Michael Kopech,25,CHW,AL,CENTRAL,P,34,R,R
Dean Kremer,25,BAL,AL,EAST,P,64,R,R
Chad Kuhl,28,PIT,NL,CENTRAL,P,39,R,R
Eric Lauer,26,MIL,NL,CENTRAL,P,52,R,L
Dominic Leone,29,SFG,NL,WEST,P,52,R,R
Zack Littell,25,SFG,NL,WEST,P,56,R,R
Jonathan Loaisiga,26,NYY,AL,EAST,P,43,R,R
Jorge Lopez,28,BAL,AL,EAST,P,48,R,R
Pablo Lopez,25,MIA,NL,EAST,P,49,L,R
Reynaldo Lopez,27,CHW,AL,CENTRAL,P,40,R,R
Aaron Loup,33,LAA,AL,WEST,P,32,L,L
Lucas Luetge,34,NYY,AL,EAST,P,63,L,L
Jesus Luzardo,23,MIA,MLB,EAST,P,44,L,L
Jordan Lyles,30,TEX,AL,WEST,P,24,R,R
Daniel Lynch,24,KCR,AL,CENTRAL,P,52,L,L
Lance Lynn,34,CHW,AL,CENTRAL,P,33,S,R
Kenta Maeda,33,MIN,AL,CENTRAL,P,18,R,R
Tyler Mahle,26,CIN,NL,CENTRAL,P,30,R,R
Sean Manaea,29,OAK,AL,WEST,P,55,R,L
Matt Manning,23,DET,AL,CENTRAL,P,25,R,R
Alek Manoah,23,TOR,AL,EAST,P,6,R,R
German Marquez,26,COL,NL,WEST,P,48,R,R
Brett Martin,26,TEX,AL,WEST,P,59,L,L
Carlos Martinez,29,STL,NL,CENTRAL,P,18,R,R
Phil Maton,28,HOU,AL,WEST,P,88,R,R
Steven Matz,30,STL,NL,CENTRAL,P,22,R,L
Tyler Matzek,30,ATL,NL,EAST,P,68,L,L
Trevor May,31,NYM,NL,EAST,P,65,R,R
Mike Mayers,29,LAA,AL,WEST,P,21,R,R
Tim Mayza,29,TOR,AL,EAST,P,58,L,L
Shane McClanahan,24,TBR,AL,EAST,P,62,L,L
Lance McCullers Jr.,27,HOU,AL,WEST,P,43,L,L
Jake McGee,34,SFG,NL,WEST,P,17,L,L
Collin McHugh,34,TBR,AL,EAST,P,31,R,R
Triston McKenzie,23,CLE,AL,CENTRAL,P,24,R,R
John Means,28,BAL,AL,EAST,P,47,L,L
Tylor Megill,25,NYM,NL,EAST,P,38,R,R
J.C. Mejia,24,CLE,AL,CENTRAL,P,36,R,R
Mark Melancon,36,ARI,NL,WEST,P,33,R,R
Wade Miley,34,CIN,NL,CENTRAL,P,22,L,L
Alec Mills,29,CHC,NL,CENTRAL,P,30,R,R
Mike Minor,33,KCR,AL,CENTRAL,P,23,R,L
A.J. Minter,27,ATL,NL,EAST,P,33,L,L
Anthony Misiewicz,26,SEA,AL,WEST,P,38,R,L
Casey Mize,24,DET,AL,CENTRAL,P,12,R,R
Frankie Montas,28,OAK,AL,WEST,P,47,R,R
Jordan Montgomery,28,NYY,AL,EAST,P,47,L,L
Matt Moore,32,PHI,NL,EAST,P,48,L,L
Eli Morgan,25,CLE,AL,CENTRAL,P,49,R,R
Charlie Morton,37,ATL,NL,EAST,P,50,R,R
Joe Musgrove,28,SDP,NL,WEST,P,44,R,R
Hector Neris,32,HOU,AL,WEST,P,50,R,R
Aaron Nola,28,PHI,NL,EAST,P,27,R,R
Daniel Norris,28,MIL,NL,CENTRAL,P,32,L,L
Bailey Ober,25,MIN,AL,CENTRAL,P,82,R,R
Jake Odorizzi,31,HOU,AL,WEST,P,17,R,R
Shohei Ohtani,26,LAA,AL,WEST,P,17,L,R
Adam Ottavino,35,BOS,AL,EAST,P,0,S,R
Johan Oviedo,23,STL,NL,CENTRAL,P,59,R,R
Chris Paddack,25,SDP,NL,WEST,P,59,R,R
Emilio Pagan,30,SDP,NL,WEST,P,14,L,R
Luis Patino,21,TBR,AL,EAST,P,61,R,R
Joel Payamps,27,KCR,AL,CENTRAL,P,38,R,R
Matt Peacock,27,ARI,NL,WEST,P,47,R,R
Freddy Peralta,25,MIL,NL,CENTRAL,P,51,R,R
Wandy Peralta,29,NYY,AL,EAST,P,58,L,L
Wily Peralta,32,DET,AL,CENTRAL,P,58,R,R
Martin Perez,30,BOS,AL,EAST,P,54,L,L
David Peterson,25,NYM,NL,EAST,P,23,L,L
Yusmeiro Petit,36,OAK,AL,WEST,P,36,R,R
Michael Pineda,32,MIN,AL,CENTRAL,P,35,R,R
Nick Pivetta,28,BOS,AL,EAST,P,37,R,R
Zach Plesac,26,CLE,AL,CENTRAL,P,34,R,R
Adam Plutko,29,BAL,AL,EAST,P,35,R,R
Zach Pop,24,MIA,NL,EAST,P,56,R,R
Ryan Pressly,32,HOU,AL,WEST,P,55,R,R
David Price,35,LAD,NL,WEST,P,33,L,L
Cal Quantrill,26,CLE,AL,CENTRAL,P,47,L,R
Jose Quintana,32,SFG,NL,WEST,P,63,R,L
Drew Rasmussen,25,TBR,AL,EAST,P,57,R,R
Robbie Ray,29,TOR,AL,EAST,P,38,L,L
Alex Reyes,26,SEA,AL,WEST,P,29,R,R
Garrett Richards,33,BOS,AL,EAST,P,43,R,R
Trevor Richards,28,TOR,AL,EAST,P,33,R,R
Hansel Robles,30,BOS,AL,EAST,P,56,R,R
Carlos Rodon,28,CHW,AL,CENTRAL,P,55,L,L
Eduardo Rodriguez,28,DET,AL,CENTRAL,P,57,L,L
Richard Rodriguez,31,ATL,NL,EAST,P,48,R,R
Trevor Rogers,23,MIA,NL,EAST,P,28,L,L
Tyler Rogers,30,SFG,NL,WEST,P,71,R,R
Jordan Romano,28,TOR,AL,EAST,P,68,R,R
Sergio Romo,38,OAK,AL,WEST,P,54,R,R
Joe Ross,28,WSN,NL,EAST,P,41,R,R
Jose Ruiz,26,CHW,AL,CENTRAL,P,66,R,R
Hyun Jin Ryu,34,TOR,AL,EAST,P,99,R,L
Patrick Sandoval,24,LAA,AL,WEST,P,43,L,L
Dennis Santana,25,TEX,AL,WEST,P,56,R,R
Ervin Santana,38,KCR,AL,CENTRAL,P,54,R,R
Hirokazu Sawamura,33,BOS,AL,EAST,P,19,R,R
Josh Sborz,27,TEX,AL,WEST,P,66,R,R
Max Scherzer,36,NYM,NL,EAST,P,31,R,R
Tanner Scott,26,BAL,AL,EAST,P,66,R,L
Antonio Senzatela,26,COL,NL,WEST,P,49,R,R
Paul Sewald,31,SEA,AL,WEST,P,37,R,R
Bryan Shaw,33,CLE,AL,CENTRAL,P,36,S,R
Justus Sheffield,25,SEA,AL,WEST,P,33,L,L
Matt Shoemaker,34,MIN,AL,CENTRAL,P,32,R,R
Chasen Shreve,30,PIT,NL,CENTRAL,P,55,L,L
Brady Singer,24,KCR,AL,CENTRAL,P,51,R,R
Tarik Skubal,24,DET,AL,CENTRAL,P,29,R,L
Caleb Smith,29,ARI,NL,WEST,P,31,R,L
Riley Smith,26,ARI,NL,WEST,P,46,R,R
Will Smith,31,ATL,NL,EAST,P,21,R,L
Drew Smyly,32,ATL,NL,EAST,P,18,L,L
Blake Snell,28,SDP,NL,WEST,P,4,L,L
Gregory Soto,26,DET,AL,CENTRAL,P,65,L,L
Craig Stammen,37,SDP,NL,WEST,P,34,R,R
Ryne Stanek,29,HOU,AL,WEST,P,45,R,R
Josh Staumont,27,KCR,AL,CENTRAL,P,63,R,R
Drew Steckenrider,30,SEA,AL,WEST,P,16,R,R
Justin Steele,25,CHC,NL,CENTRAL,P,35,L,L
Trevor Stephan,25,CLE,AL,CENTRAL,P,37,R,R
Chris Stratton,30,PIT,NL,CENTRAL,P,46,R,R
Hunter Strickland,32,MIL,NL,CENTRAL,P,43,R,R
Ross Stripling,31,TOR,AL,EAST,P,48,R,R
Marcus Stroman,30,CHC,NL,CENTRAL,P,0,R,R
Jose Suarez,23,LAA,AL,WEST,P,54,L,L
Ranger Suarez,25,PHI,NL,EAST,P,55,L,L
Cole Sulser,31,BAL,AL,EAST,P,54,R,R
Brent Suter,31,MIL,NL,CENTRAL,P,21,L,L
Jameson Taillon,29,NYY,AL,EAST,P,50,R,R
Dillon Tate,27,BAL,AL,EAST,P,55,R,R
Ryan Tepera,33,CHW,MLB,CENTRAL,P,51,R,R
Caleb Thielbar,34,MIN,AL,CENTRAL,P,72,R,L
Keegan Thompson,26,CHC,NL,CENTRAL,P,71,R,R
Zach Thompson,27,PIT,NL,CENTRAL,P,74,R,R
Touki Toussaint,25,ATL,NL,EAST,P,62,R,R
Blake Treinen,33,LAD,NL,WEST,P,49,R,R
Lou Trivino,29,OAK,AL,WEST,P,62,R,R
Spencer Turnbull,28,DET,AL,CENTRAL,P,56,R,R
Duane Underwood Jr.,26,PIT,NL,CENTRAL,P,56,R,R
Jose Urena,29,DET,AL,CENTRAL,P,62,R,R
Julio Urias,24,LAD,NL,WEST,P,7,L,L
Jose Urquidy,26,HOU,AL,WEST,P,65,R,R
Framber Valdez,27,HOU,AL,WEST,P,59,R,L
Vince Velasquez,29,SDP,NL,WEST,P,38,R,R
Austin Voth,29,WSN,NL,EAST,P,50,R,R
Michael Wacha,29,BOS,AL,EAST,P,52,R,R
Adam Wainwright,39,STL,NL,CENTRAL,P,50,R,R
Taijuan Walker,28,NYM,NL,EAST,P,99,R,R
Spenser Watkins,28,BAL,AL,EAST,P,80,R,R
Tony Watson,36,SFG,NL,WEST,P,35,L,L
Ryan Weathers,21,SDP,NL,WEST,P,40,R,L
Luke Weaver,27,ARI,NL,WEST,P,24,R,R
Logan Webb,24,SFG,NL,WEST,P,62,R,R
Tyler Wells,26,BAL,AL,EAST,P,68,R,R
Zack Wheeler,31,PHI,NL,EAST,P,45,L,R
Garrett Whitlock,25,BOS,AL,EAST,P,72,R,R
Taylor Widener,26,ARI,NL,WEST,P,57,L,R
Devin Williams,26,MIL,NL,CENTRAL,P,38,R,R
Trevor Williams,29,NYM,NL,EAST,P,29,R,R
Bryse Wilson,23,PIT,NL,CENTRAL,P,48,R,R
Nick Wittgren,30,CLE,AL,CENTRAL,P,62,R,R
Alex Wood,30,SFG,NL,WEST,P,57,R,L
Jake Woodford,24,STL,NL,CENTRAL,P,40,R,R
Brandon Woodruff,28,MIL,NL,CENTRAL,P,53,L,R
Ryan Yarbrough,29,TBR,AL,EAST,P,48,R,L
Huascar Ynoa,23,ATL,NL,EAST,P,19,R,R
Alex Young,27,CLE,AL,CENTRAL,P,46,L,L
Kyle Zimmer,29,KCR,AL,CENTRAL,P,45,R,R
Bruce Zimmermann,26,BAL,AL,EAST,P,50,L,L